{
  "coef": [
    1.7532141454111325,
    1.0530457875018326,
    0.7192222653641654,
    1.36013243239685,
    1.2088695176873576,
    -0.7370635355992635,
    -0.9444331576235636,
    -0.5514938638795261,
    -0.5367856521894312,
    -1.3844219615402062,
    0.6140956039522603,
    -1.194388607780904,
    -0.4638444156246843,
    -1.4876097048817603,
    -0.08071762870663834,
    -1.0288409250849946,
    -0.9805096837074606,
    -0.2761004130767126,
    0.20560143722980279,
    -1.008567175498867,
    0.06766942836450572,
    0.5515268335123384,
    0.34248906708967747,
    -0.02216650993228622,
    0.021338861751835442,
    -0.16116715768963968,
    -0.18165798536531885,
    0.35912716656355337,
    2.563443776087092
  ],
  "intercept": -3.884928831677938,
  "positive_class_index": 1
}