{
  "medians": [
    0.0186915573117941,
    0.0647457546302912,
    0.179858961819187,
    -0.0213610887175061,
    -0.0547574096377213,
    -0.274155744617213,
    0.0404198324731304,
    0.023218551781995,
    -0.0506526086850341,
    -0.0933317436055039,
    -0.0314193868116703,
    0.142380618660729,
    -0.0143479540236512,
    0.0495710986739679,
    0.04840005739945,
    0.0650799747975197,
    -0.0655496485351115,
    -0.0034841002724111,
    0.0053506890019801,
    -0.0626058757047481,
    -0.029280193706787,
    0.0065991874026585,
    -0.0109828575173659,
    0.0407781719769047,
    0.0160808346306451,
    -0.0516229080040241,
    0.0014627356196624,
    0.0112213920155359,
    22.0
  ],
  "means": [
    0.0007952909219965246,
    -0.0004810136871296808,
    -0.0003830223918743661,
    -1.972239973220739e-05,
    0.00017458436851300544,
    -0.0011711861719560283,
    7.67387573715109e-05,
    -0.0004339283969019277,
    0.0007017569652427178,
    -0.0003894407751757382,
    -0.0007872473742936234,
    0.0027181278900562447,
    -0.000493121683203335,
    -5.861749771665661e-05,
    0.0007440645245214755,
    -0.001069903399770179,
    0.00039024827920928833,
    5.6236912094208546e-05,
    0.0006635111865565202,
    -0.0009989386379944565,
    0.0003697418725961339,
    0.00030270670910118036,
    5.038934129837947e-05,
    -0.00027727715710864427,
    -0.0006553962309823354,
    0.00012609535726178784,
    -7.047339709469762e-05,
    0.00015372100000017675,
    88.1762977023854
  ],
  "stds": [
    1.95892123103071,
    1.649088758537229,
    1.5152890240378212,
    1.4158639729195952,
    1.3795661679094064,
    1.3312147944816186,
    1.2384280190477304,
    1.1914793452030248,
    1.0973488952721522,
    1.086249608477141,
    1.0191975175473884,
    0.9965068035664201,
    0.9941007139073503,
    0.9559910410862281,
    0.9151408180332452,
    0.8742414393221667,
    0.8442330909785183,
    0.8388718947637581,
    0.8139287921173884,
    0.7708042059508734,
    0.7349609668975223,
    0.7257339050476429,
    0.6274171711557432,
    0.6053203430455328,
    0.5212345947817643,
    0.48193802523993684,
    0.4049330163588507,
    0.32693845957586576,
    250.722051338745
  ]
}